[{"folder":{"id":"7d3d372f-b4d8-46f0-9fe1-0c05fc04ea36"},"id":"4821a971-9109-47f3-a8df-da3408a96877","file_name":"1.jpg","title":null,"size":2880631,"type":"image/jpeg","url":"https://assets-us-01.kc-usercontent.com/00676a8d-358c-0084-f2f2-33ed466c480a/e7c58553-606a-40bb-a88c-05712b3bd7ad/1.jpg","image_width":1800,"image_height":1350,"file_reference":{"id":"e7c58553-606a-40bb-a88c-05712b3bd7ad","type":"internal"},"descriptions":[{"language":{"id":"00000000-0000-0000-0000-000000000000"},"description":"Donec eu libero sit amet quam egestas semper. Aenean ultricies mi vitae est. Mauris placerat eleifend leo. Quisque sit amet est et sapien ullamcorper pharetra. Vestibulum erat wisi, condimentum sed, commodo vitae, ornare sit amet, wisi."},{"language":{"id":"004c598f-c4ec-4d5f-8717-853e104a2a8e"},"description":null}],"last_modified":"2020-02-28T11:29:54.3743847Z"},{"folder":{"id":"11f0aea9-91a9-4d98-8406-693cd1f0cedc"},"id":"49f97c9c-b1a1-41df-972d-2449744ae1cc","file_name":"1.jpg","title":null,"size":3011570,"type":"image/jpeg","url":"https://assets-us-01.kc-usercontent.com/00676a8d-358c-0084-f2f2-33ed466c480a/10e3c96f-bee6-4268-9885-e52a8bb1dcef/1.jpg","image_width":1800,"image_height":1200,"file_reference":{"id":"10e3c96f-bee6-4268-9885-e52a8bb1dcef","type":"internal"},"descriptions":[{"language":{"id":"00000000-0000-0000-0000-000000000000"},"description":"Nulla faucibus vestibulum eros in tempus. Vestibulum tempor imperdiet velit nec dapibus"},{"language":{"id":"004c598f-c4ec-4d5f-8717-853e104a2a8e"},"description":null}],"last_modified":"2020-03-18T10:52:14.3163202Z"},{"folder":{"id":"81cf6c67-bd99-4545-ac17-3e8fe5e2a809"},"id":"5e1f6dd1-4792-4d21-9761-f3cd15e3c453","file_name":"movable-type.jpg","title":null,"size":1881547,"type":"image/jpeg","url":"https://assets-us-01.kc-usercontent.com/00676a8d-358c-0084-f2f2-33ed466c480a/f843c525-5487-4b99-a691-de3da9577430/movable-type.jpg","image_width":2288,"image_height":1520,"file_reference":{"id":"f843c525-5487-4b99-a691-de3da9577430","type":"internal"},"descriptions":[{"language":{"id":"00000000-0000-0000-0000-000000000000"},"description":"Movable metal type, and composing stick, descended from Gutenberg's press. Photo by Willi Heidelbach. Licensed under CC BY 2.5"},{"language":{"id":"004c598f-c4ec-4d5f-8717-853e104a2a8e"},"description":null}],"last_modified":"2020-02-29T13:25:18.4178417Z"},{"folder":{"id":"321fb5ec-c8d9-45fa-abac-9dcba4b33d1c"},"id":"62666839-dcda-49df-b8b1-1bb599eb9d66","file_name":"42-line-bible.jpg","title":null,"size":671242,"type":"image/jpeg","url":"https://assets-us-01.kc-usercontent.com/00676a8d-358c-0084-f2f2-33ed466c480a/1d3dd0eb-c79d-4f72-9ec8-e6a5058a7f39/42-line-bible.jpg","image_width":800,"image_height":550,"file_reference":{"id":"1d3dd0eb-c79d-4f72-9ec8-e6a5058a7f39","type":"internal"},"descriptions":[{"language":{"id":"00000000-0000-0000-0000-000000000000"},"description":"The 42–Line Bible, printed by Gutenberg."},{"language":{"id":"004c598f-c4ec-4d5f-8717-853e104a2a8e"},"description":null}],"last_modified":"2020-03-03T15:31:07.6805371Z"},{"folder":{"id":"a9e8a370-2140-4c9f-af6b-38468cacc163"},"id":"719417e9-4c86-49ff-b127-b3cb06c4a179","file_name":"1.jpg","title":null,"size":840478,"type":"image/jpeg","url":"https://assets-us-01.kc-usercontent.com/00676a8d-358c-0084-f2f2-33ed466c480a/20848fcb-66b4-49cd-b4ff-5dec8bfc3291/1.jpg","image_width":1800,"image_height":1200,"file_reference":{"id":"20848fcb-66b4-49cd-b4ff-5dec8bfc3291","type":"internal"},"descriptions":[{"language":{"id":"00000000-0000-0000-0000-000000000000"},"description":null},{"language":{"id":"004c598f-c4ec-4d5f-8717-853e104a2a8e"},"description":null}],"last_modified":"2020-03-23T11:18:53.7740168Z"},{"folder":{"id":"8100a2df-ee7e-4821-bd89-4f560d0d06de"},"id":"8102580b-d5b5-43d1-931e-25e2405eb0d0","file_name":"1.jpg","title":null,"size":840478,"type":"image/jpeg","url":"https://assets-us-01.kc-usercontent.com/00676a8d-358c-0084-f2f2-33ed466c480a/f3fde40f-35f5-433b-9e50-ba5a3d0fc767/1.jpg","image_width":1800,"image_height":1200,"file_reference":{"id":"f3fde40f-35f5-433b-9e50-ba5a3d0fc767","type":"internal"},"descriptions":[{"language":{"id":"00000000-0000-0000-0000-000000000000"},"description":null},{"language":{"id":"004c598f-c4ec-4d5f-8717-853e104a2a8e"},"description":null}],"last_modified":"2020-03-14T14:32:22.175656Z"},{"id":"8a990b44-260c-41a9-b51c-40982b6e8ab7","file_name":"1.jpg","title":null,"size":840478,"type":"image/jpeg","url":"https://assets-us-01.kc-usercontent.com/00676a8d-358c-0084-f2f2-33ed466c480a/1ceea6c3-13fe-4216-94f3-e863b99c99bc/1.jpg","image_width":1800,"image_height":1200,"file_reference":{"id":"1ceea6c3-13fe-4216-94f3-e863b99c99bc","type":"internal"},"descriptions":[{"language":{"id":"00000000-0000-0000-0000-000000000000"},"description":null},{"language":{"id":"004c598f-c4ec-4d5f-8717-853e104a2a8e"},"description":null}],"last_modified":"2020-03-14T14:24:50.809594Z"},{"folder":{"id":"01eb74f7-846a-4468-b611-b9b98c52ed1b"},"id":"8f2a61eb-3818-4bec-9806-adaf84fde0e1","file_name":"photo.jpg","title":null,"size":4372,"type":"image/jpeg","url":"https://assets-us-01.kc-usercontent.com/00676a8d-358c-0084-f2f2-33ed466c480a/39826345-cd27-4aa4-bf1c-026196a94025/photo.jpg","image_width":128,"image_height":128,"file_reference":{"id":"39826345-cd27-4aa4-bf1c-026196a94025","type":"internal"},"descriptions":[{"language":{"id":"00000000-0000-0000-0000-000000000000"},"description":null},{"language":{"id":"004c598f-c4ec-4d5f-8717-853e104a2a8e"},"description":null}],"last_modified":"2020-02-29T10:11:51.3145928Z"},{"folder":{"id":"6628f4a4-7a90-4fa1-819e-eae560d97a4b"},"id":"9a23e235-7c91-491e-bf3d-f18da10a5763","file_name":"1.jpg","title":null,"size":738279,"type":"image/jpeg","url":"https://assets-us-01.kc-usercontent.com/00676a8d-358c-0084-f2f2-33ed466c480a/2e008ff6-1cd2-45a4-93a6-e0163802ab4f/1.jpg","image_width":1260,"image_height":945,"file_reference":{"id":"2e008ff6-1cd2-45a4-93a6-e0163802ab4f","type":"internal"},"descriptions":[{"language":{"id":"00000000-0000-0000-0000-000000000000"},"description":"Donec eu libero sit amet quam egestas semper. Aenean ultricies mi vitae est. Mauris placerat eleifend leo. Quisque sit amet est et sapien ullamcorper pharetra. Vestibulum erat wisi, condimentum sed, commodo vitae, ornare sit amet, wisi."},{"language":{"id":"004c598f-c4ec-4d5f-8717-853e104a2a8e"},"description":null}],"last_modified":"2020-02-28T23:16:42.6422436Z"},{"folder":{"id":"321fb5ec-c8d9-45fa-abac-9dcba4b33d1c"},"id":"c57b89bd-1939-4493-bcfe-db0a5bac1e42","file_name":"type-through-time.jpg","title":null,"size":117689,"type":"image/jpeg","url":"https://assets-us-01.kc-usercontent.com/00676a8d-358c-0084-f2f2-33ed466c480a/d8562500-2c3d-4329-a8dd-ea795ee51f18/type-through-time.jpg","image_width":1250,"image_height":250,"file_reference":{"id":"d8562500-2c3d-4329-a8dd-ea795ee51f18","type":"internal"},"descriptions":[{"language":{"id":"00000000-0000-0000-0000-000000000000"},"description":"Type through 5 centuries."},{"language":{"id":"004c598f-c4ec-4d5f-8717-853e104a2a8e"},"description":null}],"last_modified":"2020-03-03T15:33:28.542252Z"}]